JD_like,year,month,day,season,Vmag,Verr,Bmag,Berr,Rmag,Rerr,Umag,Uerr,source,date_type
2448858.4162,1992,8,23.91619999986142,8,12.613,0.01,14.053999999999998,0.01,,,,,Grankin et al. 2008,HJD
2448859.4016,1992,8,24.901599999982864,8,12.335999999999999,0.01,13.735999999999999,0.01,,,,,Grankin et al. 2008,HJD
2448860.3918,1992,8,25.891799999866635,8,12.702,0.01,14.183,0.01,,,,,Grankin et al. 2008,HJD
2448861.3907,1992,8,26.890699999872595,8,12.696,0.01,14.114,0.01,,,,,Grankin et al. 2008,HJD
2448862.3845,1992,8,27.884500000160187,8,12.334000000000001,0.01,13.743000000000002,0.01,,,,,Grankin et al. 2008,HJD
2448863.3873,1992,8,28.88730000006035,8,12.561,0.01,14.006,0.01,,,,,Grankin et al. 2008,HJD
2448869.3947,1992,9,3.894700000062585,8,12.314,0.01,13.718,0.01,,,,,Grankin et al. 2008,HJD
2448870.3729,1992,9,4.872899999842048,8,12.695,0.01,14.129000000000001,0.01,,,,,Grankin et al. 2008,HJD
2448871.3667,1992,9,5.86670000012964,8,12.69,0.01,14.108,0.01,11.341999999999999,0.01,,,Grankin et al. 2008,HJD
2448872.3765,1992,9,6.876499999780208,8,12.379000000000001,0.01,13.822000000000001,0.01,11.068000000000001,0.01,,,Grankin et al. 2008,HJD
2448873.4165,1992,9,7.916499999817461,8,12.556,0.01,13.969999999999999,0.01,,,,,Grankin et al. 2008,HJD
2448874.4927,1992,9,8.992699999827892,8,12.692,0.01,14.096,0.01,,,,,Grankin et al. 2008,HJD
2448885.3621,1992,9,19.862100000027567,8,12.567,0.01,14.043,0.01,,,,,Grankin et al. 2008,HJD
2448886.3011,1992,9,20.801099999807775,8,12.353,0.01,13.775,0.01,,,,,Grankin et al. 2008,HJD
2448887.2911,1992,9,21.791100000031292,8,12.68,0.01,14.105,0.01,,,,,Grankin et al. 2008,HJD
2448888.2949,1992,9,22.794900000095367,8,12.679,0.01,14.135,0.01,11.34,0.01,,,Grankin et al. 2008,HJD
2448889.2917,1992,9,23.791699999943376,8,12.389000000000001,0.01,13.776000000000002,0.01,11.074000000000002,0.01,,,Grankin et al. 2008,HJD
2448890.292,1992,9,24.791999999899417,8,12.559000000000001,0.01,13.966000000000001,0.01,11.186,0.01,,,Grankin et al. 2008,HJD
2448891.2885,1992,9,25.788499999791384,8,12.675,0.01,14.106000000000002,0.01,11.308,0.01,,,Grankin et al. 2008,HJD
2448891.3995,1992,9,25.89949999982491,8,12.638,0.01,14.052,0.01,11.328,0.01,,,Grankin et al. 2008,HJD
2448891.4357,1992,9,25.93569999979809,8,12.665,0.01,14.072,0.01,11.325,0.01,,,Grankin et al. 2008,HJD
2448891.4708,1992,9,25.970799999777228,8,12.623,0.01,14.008999999999999,0.01,11.302999999999999,0.01,,,Grankin et al. 2008,HJD
2448892.2963,1992,9,26.79630000004545,8,12.583,0.01,14.004,0.01,11.22,0.01,,,Grankin et al. 2008,HJD
2448893.2881,1992,9,27.788100000005215,8,12.384,0.01,13.772,0.01,,,,,Grankin et al. 2008,HJD
2448894.275,1992,9,28.774999999906868,8,12.687999999999999,0.01,14.095999999999998,0.01,11.308,0.01,,,Grankin et al. 2008,HJD
2448953.429,1992,11,26.929000000003725,8,12.345,0.01,13.75,0.01,11.001000000000001,0.01,,,Grankin et al. 2008,HJD
2448954.2087,1992,11,27.708699999842793,8,12.432,0.01,13.859,0.01,11.101,0.01,,,Grankin et al. 2008,HJD
2448956.336,1992,11,29.83600000012666,8,12.548,0.01,13.985,0.01,11.2,0.01,,,Grankin et al. 2008,HJD
2448960.3504,1992,12,3.8503999998793006,8,12.308,0.01,13.681000000000001,0.01,10.967,0.01,,,Grankin et al. 2008,HJD
2449215.3978,1993,8,15.897799999918789,9,12.69,0.01,14.125,0.01,11.314,0.01,,,Grankin et al. 2008,HJD
2449219.4625,1993,8,19.962499999906868,9,12.597000000000001,0.01,14.020000000000001,0.01,11.228000000000002,0.01,,,Grankin et al. 2008,HJD
2449220.3724,1993,8,20.872400000225753,9,12.363,0.01,13.756,0.01,11.045,0.01,,,Grankin et al. 2008,HJD
2449221.3584,1993,8,21.85839999979362,9,12.690999999999999,0.01,14.134999999999998,0.01,11.318999999999999,0.01,,,Grankin et al. 2008,HJD
2449222.3552,1993,8,22.85520000010729,9,12.703,0.01,14.110999999999999,0.01,11.318999999999999,0.01,,,Grankin et al. 2008,HJD
2449224.3577,1993,8,24.85770000005141,9,12.638,0.01,,,11.283999999999999,0.01,,,Grankin et al. 2008,HJD
2449225.3581,1993,8,25.858099999837577,9,12.685,0.01,14.113000000000001,0.01,11.33,0.01,,,Grankin et al. 2008,HJD
2449226.3516,1993,8,26.851600000169128,9,12.558,0.01,13.986,0.01,11.216,0.01,,,Grankin et al. 2008,HJD
2449227.4164,1993,8,27.916399999987334,9,12.435,0.01,13.849,0.01,11.100000000000001,0.01,,,Grankin et al. 2008,HJD
2449228.3605,1993,8,28.86049999995157,9,12.642000000000001,0.01,,,11.317000000000002,0.01,,,Grankin et al. 2008,HJD
2449236.369,1993,9,5.868999999947846,9,12.668,0.01,,,11.258999999999999,0.01,,,Grankin et al. 2008,HJD
2449239.4463,1993,9,8.946299999952316,9,12.675,0.01,14.091000000000001,0.01,11.318000000000001,0.01,,,Grankin et al. 2008,HJD
2449240.3582,1993,9,9.858200000133365,9,12.357000000000001,0.01,13.768,0.01,11.047,0.01,,,Grankin et al. 2008,HJD
2449241.4798,1993,9,10.979799999855459,9,12.697000000000001,0.01,14.081000000000001,0.01,11.317,0.01,,,Grankin et al. 2008,HJD
2449242.348,1993,9,11.848000000230968,9,12.682,0.01,14.083,0.01,11.291,0.01,,,Grankin et al. 2008,HJD
2449243.3526,1993,9,12.85259999986738,9,12.481,0.01,13.904,0.01,11.136,0.01,,,Grankin et al. 2008,HJD
2449244.3529,1993,9,13.852899999823421,9,12.453,0.01,13.891,0.01,11.123999999999999,0.01,,,Grankin et al. 2008,HJD
2449245.3694,1993,9,14.869400000199676,9,12.708,0.01,14.117,0.01,11.349,0.01,,,Grankin et al. 2008,HJD
2449247.3472,1993,9,16.84720000019297,9,12.357000000000001,0.01,13.767000000000001,0.01,,,,,Grankin et al. 2008,HJD
2449248.3325,1993,9,17.832500000018626,9,12.716,0.01,14.145,0.01,11.322999999999999,0.01,,,Grankin et al. 2008,HJD
2449249.3252,1993,9,18.825199999846518,9,12.672,0.01,14.084,0.01,11.316,0.01,,,Grankin et al. 2008,HJD
2449250.3196,1993,9,19.819600000046194,9,12.405,0.01,13.799999999999999,0.01,11.075,0.01,,,Grankin et al. 2008,HJD
2449251.3157,1993,9,20.815700000151992,9,12.591,0.01,14.009,0.01,11.203999999999999,0.01,,,Grankin et al. 2008,HJD
2449254.3916,1993,9,23.89160000020638,9,12.427999999999999,0.01,,,11.071,0.01,,,Grankin et al. 2008,HJD
2449255.3906,1993,9,24.89060000004247,9,12.744000000000002,0.01,14.165000000000001,0.01,11.354000000000001,0.01,,,Grankin et al. 2008,HJD
2449259.3823,1993,9,28.88230000017211,9,12.674000000000001,0.01,14.136000000000001,0.01,11.311000000000002,0.01,,,Grankin et al. 2008,HJD
2449271.374,1993,10,10.873999999836087,9,12.494000000000002,0.01,13.911000000000001,0.01,11.138000000000002,0.01,,,Grankin et al. 2008,HJD
2449274.3545,1993,10,13.854499999899417,9,12.353,0.01,13.788,0.01,11.043,0.01,,,Grankin et al. 2008,HJD
2449277.3984,1993,10,16.898399999830872,9,12.375,0.01,13.791,0.01,11.052,0.01,,,Grankin et al. 2008,HJD
2449278.3927,1993,10,17.89270000020042,9,12.594000000000001,0.01,14.034,0.01,11.251000000000001,0.01,14.841000000000001,0.05,Grankin et al. 2008,HJD
2449279.4029,1993,10,18.902900000102818,9,12.672,0.01,14.088000000000001,0.01,11.33,0.01,,,Grankin et al. 2008,HJD
2449280.3057,1993,10,19.805699999909848,9,12.544,0.01,13.958,0.01,11.195,0.01,,,Grankin et al. 2008,HJD
2449281.357,1993,10,20.856999999843538,9,12.443,0.01,13.826,0.01,11.076,0.01,,,Grankin et al. 2008,HJD
2449284.3415,1993,10,23.841500000096858,9,12.368,0.01,13.747,0.01,11.045,0.01,,,Grankin et al. 2008,HJD
2449581.4599,1994,8,16.95990000013262,10,12.31,0.01,13.709,0.01,10.998000000000001,0.01,15.054,0.05,Grankin et al. 2008,HJD
2449596.4032,1994,8,31.90320000005886,10,12.788,0.01,14.196,0.01,11.398,0.01,,,Grankin et al. 2008,HJD
2449597.4594,1994,9,1.959400000050664,10,12.55,0.01,13.942,0.01,11.191,0.01,,,Grankin et al. 2008,HJD
2449607.445,1994,9,11.944999999832362,10,12.637,0.01,14.042,0.01,11.254000000000001,0.01,,,Grankin et al. 2008,HJD
2449608.3563,1994,9,12.856300000101328,10,12.28,0.01,13.686,0.01,10.998,0.01,,,Grankin et al. 2008,HJD
2449625.288,1994,9,29.78800000017509,10,12.283,0.01,13.697,0.01,10.968,0.01,,,Grankin et al. 2008,HJD
2449660.2005,1994,11,3.7004999998025596,10,12.754000000000001,0.01,14.228000000000002,0.01,11.38,0.01,,,Grankin et al. 2008,HJD
2449686.2535,1994,11,29.753500000108033,10,12.339,0.01,13.737,0.01,11.031,0.01,,,Grankin et al. 2008,HJD
2449689.4543,1994,12,2.9542999998666346,10,12.285,0.01,13.663,0.01,10.988,0.01,,,Grankin et al. 2008,HJD
2449695.3405,1994,12,8.840499999932945,10,12.567,0.01,13.956,0.01,11.202,0.01,,,Grankin et al. 2008,HJD
2449696.4155,1994,12,9.91550000011921,10,12.357999999999999,0.01,13.758999999999999,0.01,11.017999999999999,0.01,,,Grankin et al. 2008,HJD
2449697.4036,1994,12,10.903599999845028,10,12.812999999999999,0.01,14.241999999999999,0.01,11.415,0.01,,,Grankin et al. 2008,HJD
2449937.4194,1995,8,7.919400000013411,11,12.776,0.01,14.165,0.01,11.433,0.01,,,Grankin et al. 2008,HJD
2449952.4127,1995,8,22.912700000219047,11,12.306,0.01,13.693,0.01,11.008,0.01,,,Grankin et al. 2008,HJD
2449953.3577,1995,8,23.85770000005141,11,12.652999999999999,0.01,14.065999999999999,0.01,11.296999999999999,0.01,,,Grankin et al. 2008,HJD
2449954.3758,1995,8,24.875800000037998,11,12.815,0.01,14.279,0.01,11.405999999999999,0.01,,,Grankin et al. 2008,HJD
2449955.3507,1995,8,25.850699999835342,11,12.498,0.01,13.878,0.01,11.138,0.01,,,Grankin et al. 2008,HJD
2449956.364,1995,8,26.864000000059605,11,12.402999999999999,0.01,13.831,0.01,11.067999999999998,0.01,,,Grankin et al. 2008,HJD
2449957.3529,1995,8,27.85289999982342,11,12.823,0.01,14.211,0.01,11.411000000000001,0.01,,,Grankin et al. 2008,HJD
2449958.3769,1995,8,28.876900000032037,11,12.665999999999999,0.01,14.062999999999999,0.01,11.300999999999998,0.01,,,Grankin et al. 2008,HJD
2449959.3474,1995,8,29.847399999853224,11,12.309000000000001,0.01,13.722000000000001,0.01,11.002,0.01,,,Grankin et al. 2008,HJD
2449960.3688,1995,8,30.86879999982193,11,12.786,0.01,14.209,0.01,11.394,0.01,,,Grankin et al. 2008,HJD
2449962.3625,1995,9,1.8624999998137355,11,12.380999999999998,0.01,13.779999999999998,0.01,11.054999999999998,0.01,,,Grankin et al. 2008,HJD
2449963.371,1995,9,2.87099999981001,11,12.593,0.01,13.985,0.01,11.242,0.01,,,Grankin et al. 2008,HJD
2449964.3451,1995,9,3.8451000000350177,11,12.789000000000001,0.01,14.169,0.01,11.399000000000001,0.01,,,Grankin et al. 2008,HJD
2449965.3541,1995,9,4.854100000113249,11,12.561,0.01,13.992,0.01,11.202,0.01,14.863000000000001,0.05,Grankin et al. 2008,HJD
2449966.3874,1995,9,5.8873999998904765,11,12.392000000000001,0.01,13.831000000000001,0.01,11.085,0.01,15.696000000000002,0.05,Grankin et al. 2008,HJD
2449978.2992,1995,9,17.799199999775738,11,12.790999999999999,0.01,14.258999999999999,0.01,11.403999999999998,0.01,,,Grankin et al. 2008,HJD
2449979.2958,1995,9,18.795799999963492,11,12.34,0.01,13.732,0.01,10.996,0.01,14.668,0.05,Grankin et al. 2008,HJD
2449981.3027,1995,9,20.80269999988377,11,12.76,0.01,14.222,0.01,11.395,0.01,15.231,0.05,Grankin et al. 2008,HJD
2449982.3384,1995,9,21.838399999774992,11,12.515999999999998,0.01,13.890999999999998,0.01,11.158999999999999,0.01,15.080999999999998,0.05,Grankin et al. 2008,HJD
2449984.3364,1995,9,23.836399999912828,11,12.761,0.01,14.181,0.01,11.41,0.01,15.338999999999999,0.05,Grankin et al. 2008,HJD
2449986.304,1995,9,25.804000000003725,11,12.3,0.01,13.714,0.01,10.963000000000001,0.01,15.31,0.05,Grankin et al. 2008,HJD
2449987.3055,1995,9,26.805499999783933,11,12.745,0.01,14.177,0.01,11.354999999999999,0.01,15.1,0.05,Grankin et al. 2008,HJD
2449990.3332,1995,9,29.833200000226498,11,12.559000000000001,0.01,14.004000000000001,0.01,11.201,0.01,,,Grankin et al. 2008,HJD
2450005.4728,1995,10,14.972800000105053,11,12.719000000000001,0.01,14.154000000000002,0.01,11.328000000000001,0.01,,,Grankin et al. 2008,HJD
2450007.3729,1995,10,16.872899999842048,11,12.686,0.01,14.073,0.01,11.314,0.01,,,Grankin et al. 2008,HJD
2450009.3935,1995,10,18.893499999772757,11,12.459000000000001,0.01,13.875000000000002,0.01,11.117,0.01,,,Grankin et al. 2008,HJD
2450010.3653,1995,10,19.86530000017956,11,12.453,0.01,13.846,0.01,11.103,0.01,15.076,0.05,Grankin et al. 2008,HJD
2450011.3851,1995,10,20.88510000007227,11,12.796,0.01,14.261999999999999,0.01,11.424999999999999,0.01,,,Grankin et al. 2008,HJD
2450013.3814,1995,10,22.881399999838322,11,12.31,0.01,13.72,0.01,11.019,0.01,,,Grankin et al. 2008,HJD
2450016.3552,1995,10,25.85520000010729,11,12.37,0.01,13.786999999999999,0.01,11.024999999999999,0.01,,,Grankin et al. 2008,HJD
2450017.3506,1995,10,26.850600000005215,11,12.581,0.01,13.994,0.01,11.219999999999999,0.01,,,Grankin et al. 2008,HJD
2450018.3668,1995,10,27.866799999959767,11,12.789000000000001,0.01,14.197000000000001,0.01,11.422,0.01,15.407,0.05,Grankin et al. 2008,HJD
2450019.3433,1995,10,28.843299999833107,11,12.542,0.01,13.937,0.01,11.185,0.01,,,Grankin et al. 2008,HJD
2450020.3997,1995,10,29.899699999950826,11,12.412,0.01,13.817,0.01,11.062000000000001,0.01,,,Grankin et al. 2008,HJD
2450021.3444,1995,10,30.844399999827147,11,12.809000000000001,0.01,14.253,0.01,11.417000000000002,0.01,15.426,0.05,Grankin et al. 2008,HJD
2450022.3992,1995,10,31.89919999986887,11,12.716,0.01,14.123999999999999,0.01,11.315,0.01,,,Grankin et al. 2008,HJD
2450037.2939,1995,11,15.793899999931455,11,12.409,0.01,13.796000000000001,0.01,11.075000000000001,0.01,15.181000000000001,0.05,Grankin et al. 2008,HJD
2450038.3581,1995,11,16.858099999837577,11,12.792,0.01,14.247,0.01,11.415,0.01,,,Grankin et al. 2008,HJD
2450039.2917,1995,11,17.791699999943376,11,12.66,0.01,14.077,0.01,11.295,0.01,,,Grankin et al. 2008,HJD
2450041.2876,1995,11,19.78759999992326,11,12.752,0.01,14.177000000000001,0.01,11.358,0.01,,,Grankin et al. 2008,HJD
2450042.2913,1995,11,20.791300000157207,11,12.76,0.01,14.19,0.01,11.376,0.01,,,Grankin et al. 2008,HJD
2450043.2964,1995,11,21.796399999875575,11,12.357999999999999,0.01,13.761,0.01,11.033,0.01,,,Grankin et al. 2008,HJD
2450044.2826,1995,11,22.782600000035018,11,12.545,0.01,13.982,0.01,11.203,0.01,,,Grankin et al. 2008,HJD
2450046.2894,1995,11,24.78940000012517,11,12.574000000000002,0.01,13.986,0.01,11.226,0.01,,,Grankin et al. 2008,HJD
2450365.3478,1996,10,8.847800000105053,12,12.687999999999999,0.01,14.091,0.01,11.312999999999999,0.01,,,Grankin et al. 2008,HJD
2450368.3817,1996,10,11.881699999794364,12,12.520999999999999,0.01,13.896999999999998,0.01,11.18,0.01,,,Grankin et al. 2008,HJD
2450370.317,1996,10,13.816999999806285,12,12.517999999999999,0.01,13.911999999999999,0.01,11.171999999999999,0.01,,,Grankin et al. 2008,HJD
2450376.3209,1996,10,19.820900000166148,12,12.9,0.01,14.33,0.01,11.501000000000001,0.01,,,Grankin et al. 2008,HJD
2450377.3828,1996,10,20.882799999788404,12,12.431,0.01,13.809999999999999,0.01,11.075999999999999,0.01,,,Grankin et al. 2008,HJD
2450378.4166,1996,10,21.91660000011325,12,12.495999999999999,0.01,13.887999999999998,0.01,11.155999999999999,0.01,,,Grankin et al. 2008,HJD
2450379.458,1996,10,22.958000000100583,12,12.889000000000001,0.01,14.269000000000002,0.01,11.491000000000001,0.01,,,Grankin et al. 2008,HJD
2450389.2027,1996,11,1.7026999997906387,12,12.793,0.01,14.222,0.01,11.372,0.01,,,Grankin et al. 2008,HJD
2450396.3631,1996,11,8.86310000019148,12,12.86,0.01,14.306,0.01,11.475,0.01,,,Grankin et al. 2008,HJD
2450397.2946,1996,11,9.794600000139326,12,12.549000000000001,0.01,13.959000000000001,0.01,11.209000000000001,0.01,,,Grankin et al. 2008,HJD
2450402.1833,1996,11,14.683300000149757,12,12.54,0.01,13.968,0.01,11.212,0.01,,,Grankin et al. 2008,HJD
2450403.1935,1996,11,15.693500000052154,12,12.841,0.01,14.248,0.01,11.479999999999999,0.01,,,Grankin et al. 2008,HJD
2450407.419,1996,11,19.919000000227243,12,12.543,0.01,13.953,0.01,11.203,0.01,,,Grankin et al. 2008,HJD
2450408.5018,1996,11,21.00180000020191,12,12.364,0.01,13.744,0.01,11.05,0.01,,,Grankin et al. 2008,HJD
2450409.3942,1996,11,21.89419999998063,12,12.732999999999999,0.01,14.195999999999998,0.01,11.383999999999999,0.01,,,Grankin et al. 2008,HJD
2450410.5233,1996,11,23.023300000000745,12,12.732999999999999,0.01,14.171,0.01,11.320999999999998,0.01,,,Grankin et al. 2008,HJD
2450417.3571,1996,11,29.857100000139326,12,12.615,0.01,14.014,0.01,11.282,0.01,,,Grankin et al. 2008,HJD
2450718.3401,1997,9,26.840100000146776,13,12.427999999999999,0.01,13.794999999999998,0.01,11.066999999999998,0.01,,,Grankin et al. 2008,HJD
2450719.3205,1997,9,27.82049999991432,13,12.581,0.01,14.027999999999999,0.01,11.261,0.01,,,Grankin et al. 2008,HJD
2450720.3219,1997,9,28.8218999998644,13,12.844000000000001,0.01,14.244000000000002,0.01,11.431000000000001,0.01,,,Grankin et al. 2008,HJD
2450721.3159,1997,9,29.815899999812245,13,12.5,0.01,13.906,0.01,11.158,0.01,,,Grankin et al. 2008,HJD
2450723.3097,1997,10,1.8097000000998378,13,12.833,0.01,14.201,0.01,11.432,0.01,,,Grankin et al. 2008,HJD
2450725.3175,1997,10,3.8174999998882413,13,12.395999999999999,0.01,13.79,0.01,11.078999999999999,0.01,,,Grankin et al. 2008,HJD
2450727.3289,1997,10,5.828900000080466,13,12.761,0.01,14.154,0.01,11.360999999999999,0.01,,,Grankin et al. 2008,HJD
2450728.3387,1997,10,6.838700000196695,13,12.447000000000001,0.01,13.835,0.01,11.114,0.01,,,Grankin et al. 2008,HJD
2450731.3542,1997,10,9.854199999943376,13,12.562999999999999,0.01,13.936,0.01,11.198999999999998,0.01,,,Grankin et al. 2008,HJD
2450732.3583,1997,10,10.858299999963492,13,12.447000000000001,0.01,13.817,0.01,11.110000000000001,0.01,,,Grankin et al. 2008,HJD
2450733.4322,1997,10,11.932200000155717,13,12.835,0.01,14.238000000000001,0.01,11.420000000000002,0.01,,,Grankin et al. 2008,HJD
2450734.4446,1997,10,12.944600000046194,13,12.597000000000001,0.01,14.027000000000001,0.01,11.252,0.01,,,Grankin et al. 2008,HJD
2450745.3665,1997,10,23.866500000003725,13,12.448,0.01,13.849,0.01,11.113,0.01,,,Grankin et al. 2008,HJD
2450749.2818,1997,10,27.78179999999702,13,12.472999999999999,0.01,13.864999999999998,0.01,11.114999999999998,0.01,,,Grankin et al. 2008,HJD
2450750.2463,1997,10,28.746300000231713,13,12.814,0.01,14.271,0.01,11.413,0.01,,,Grankin et al. 2008,HJD
2450751.3589,1997,10,29.858899999875575,13,12.589,0.01,14.011000000000001,0.01,11.236,0.01,,,Grankin et al. 2008,HJD
2450753.2612,1997,10,31.76120000006631,13,12.625,0.01,14.062,0.01,11.278,0.01,,,Grankin et al. 2008,HJD
2450755.4062,1997,11,2.9062000000849366,13,12.417,0.01,13.838,0.01,11.12,0.01,,,Grankin et al. 2008,HJD
2450760.368,1997,11,7.867999999783933,13,12.806,0.01,14.19,0.01,11.431,0.01,,,Grankin et al. 2008,HJD
2451072.368,1998,9,15.867999999783933,14,12.546,0.01,13.982,0.01,11.205,0.01,,,Grankin et al. 2008,HJD
2451075.3304,1998,9,18.830399999860674,14,12.633,0.01,14.065999999999999,0.01,11.267,0.01,,,Grankin et al. 2008,HJD
2451077.3094,1998,9,20.809400000143796,14,12.699000000000002,0.01,14.148000000000001,0.01,11.329,0.01,,,Grankin et al. 2008,HJD
2451078.302,1998,9,21.80200000014156,14,12.635,0.01,13.958,0.01,11.293,0.01,,,Grankin et al. 2008,HJD
2451079.3016,1998,9,22.80159999988973,14,12.498,0.01,13.878,0.01,11.145999999999999,0.01,,,Grankin et al. 2008,HJD
2451080.3146,1998,9,23.814600000157952,14,12.612,0.01,14.028,0.01,11.221,0.01,,,Grankin et al. 2008,HJD
2451081.3145,1998,9,24.814499999862164,14,12.773,0.01,14.203,0.01,11.422,0.01,,,Grankin et al. 2008,HJD
2451082.3032,1998,9,25.803199999965727,14,12.599,0.01,14.048,0.01,11.249,0.01,,,Grankin et al. 2008,HJD
2451083.3095,1998,9,26.809499999973923,14,12.457,0.01,13.868,0.01,11.115,0.01,,,Grankin et al. 2008,HJD
2451087.3305,1998,9,30.830500000156462,14,12.703,0.01,14.137,0.01,11.347999999999999,0.01,,,Grankin et al. 2008,HJD
2451089.3074,1998,10,2.8073999998159707,14,12.554,0.01,13.972000000000001,0.01,11.208,0.01,,,Grankin et al. 2008,HJD
2451100.2992,1998,10,13.799199999775738,14,12.529000000000002,0.01,13.916000000000002,0.01,11.163000000000002,0.01,,,Grankin et al. 2008,HJD
2451102.2946,1998,10,15.794600000139326,14,12.665,0.01,14.081,0.01,11.28,0.01,,,Grankin et al. 2008,HJD
2451103.2869,1998,10,16.78690000018105,14,12.439,0.01,13.861,0.01,11.136,0.01,,,Grankin et al. 2008,HJD
2451104.2978,1998,10,17.797799999825656,14,12.728,0.01,14.184,0.01,11.37,0.01,,,Grankin et al. 2008,HJD
2451105.2935,1998,10,18.793500000145286,14,12.758,0.01,14.146999999999998,0.01,11.34,0.01,,,Grankin et al. 2008,HJD
2451106.2743,1998,10,19.774300000164658,14,12.502,0.01,13.931000000000001,0.01,11.175,0.01,,,Grankin et al. 2008,HJD
2451107.28,1998,10,20.77999999979511,14,12.612,0.01,14.058,0.01,11.248,0.01,,,Grankin et al. 2008,HJD
2451108.2712,1998,10,21.771199999842793,14,12.79,0.01,14.197,0.01,11.401,0.01,,,Grankin et al. 2008,HJD
2451109.2703,1998,10,22.770299999974668,14,12.628,0.01,14.033,0.01,11.284,0.01,,,Grankin et al. 2008,HJD
2451110.2804,1998,10,23.78040000004694,14,12.501,0.01,13.892999999999999,0.01,11.161999999999999,0.01,,,Grankin et al. 2008,HJD
2451400.4219,1999,8,9.921899999957532,15,12.468,0.01,13.89,0.01,11.09,0.01,,,Grankin et al. 2008,HJD
2451401.4226,1999,8,10.922600000165403,15,12.78,0.01,14.236999999999998,0.01,11.408999999999999,0.01,,,Grankin et al. 2008,HJD
2451402.4202,1999,8,11.920200000051409,15,12.635,0.01,14.0,0.01,11.276,0.01,,,Grankin et al. 2008,HJD
2451404.4216,1999,8,13.92160000000149,15,12.689,0.01,14.085,0.01,11.309000000000001,0.01,,,Grankin et al. 2008,HJD
2451405.4198,1999,8,14.91979999979958,15,12.765999999999998,0.01,14.214999999999998,0.01,11.397999999999998,0.01,,,Grankin et al. 2008,HJD
2451408.4155,1999,8,17.91550000011921,15,12.762,0.01,14.129000000000001,0.01,11.372,0.01,,,Grankin et al. 2008,HJD
2451410.4107,1999,8,19.91069999989122,15,12.392999999999999,0.01,13.802,0.01,11.069999999999999,0.01,,,Grankin et al. 2008,HJD
2451411.4012,1999,8,20.901200000196695,15,12.739,0.01,14.161000000000001,0.01,11.361,0.01,,,Grankin et al. 2008,HJD
2451412.3944,1999,8,21.894400000106543,15,12.677,0.01,14.116,0.01,11.318,0.01,,,Grankin et al. 2008,HJD
2451414.4088,1999,8,23.908799999859184,15,12.544,0.01,,,11.226,0.01,,,Grankin et al. 2008,HJD
2451415.4094,1999,8,24.909399999771267,15,12.875,0.01,,,11.435,0.01,,,Grankin et al. 2008,HJD
2451419.3824,1999,8,28.882400000002235,15,12.647,0.01,14.06,0.01,11.247,0.01,,,Grankin et al. 2008,HJD
2451427.3752,1999,9,5.875200000125915,15,12.408,0.01,13.809999999999999,0.01,11.046999999999999,0.01,,,Grankin et al. 2008,HJD
2451428.3865,1999,9,6.886500000022352,15,12.789000000000001,0.01,14.192000000000002,0.01,11.388000000000002,0.01,,,Grankin et al. 2008,HJD
2451429.3723,1999,9,7.8722999999299645,15,12.65,0.01,14.084,0.01,11.293000000000001,0.01,,,Grankin et al. 2008,HJD
2451430.341,1999,9,8.841000000014901,15,12.359000000000002,0.01,13.771,0.01,11.023000000000001,0.01,,,Grankin et al. 2008,HJD
2451431.3395,1999,9,9.839499999769032,15,12.578,0.01,13.953,0.01,11.238,0.01,,,Grankin et al. 2008,HJD
2451432.3368,1999,9,10.836800000164658,15,12.796,0.01,14.23,0.01,11.402,0.01,,,Grankin et al. 2008,HJD
2451433.3511,1999,9,11.851100000087172,15,12.458,0.01,13.847,0.01,11.123000000000001,0.01,,,Grankin et al. 2008,HJD
2451434.3364,1999,9,12.836399999912828,15,12.450999999999999,0.01,13.902,0.01,11.126,0.01,,,Grankin et al. 2008,HJD
2451435.3405,1999,9,13.840499999932945,15,12.849,0.01,14.305,0.01,11.464,0.01,,,Grankin et al. 2008,HJD
2451436.349,1999,9,14.84899999992922,15,12.568,0.01,14.004,0.01,11.238999999999999,0.01,,,Grankin et al. 2008,HJD
2451437.3287,1999,9,15.828699999954551,15,12.343,0.01,13.789,0.01,11.046,0.01,,,Grankin et al. 2008,HJD
2451438.3238,1999,9,16.823799999896437,15,12.715,0.01,14.129,0.01,11.329,0.01,,,Grankin et al. 2008,HJD
2451439.3203,1999,9,17.820299999788404,15,12.716,0.01,14.133,0.01,11.305,0.01,,,Grankin et al. 2008,HJD
2451440.3258,1999,9,18.825800000224262,15,12.4,0.01,13.829,0.01,11.081,0.01,,,Grankin et al. 2008,HJD
2451455.2883,1999,10,3.78830000013113,15,12.739,0.01,14.139000000000001,0.01,11.347000000000001,0.01,,,Grankin et al. 2008,HJD
2451456.2882,1999,10,4.788199999835342,15,12.677,0.01,14.129999999999999,0.01,11.311,0.01,,,Grankin et al. 2008,HJD
2451457.2958,1999,10,5.795799999963492,15,12.386,0.01,13.777,0.01,11.046,0.01,,,Grankin et al. 2008,HJD
2451458.2849,1999,10,6.784899999853224,15,12.597000000000001,0.01,14.024000000000001,0.01,11.224,0.01,,,Grankin et al. 2008,HJD
2451459.2794,1999,10,7.779399999883026,15,12.769,0.01,14.167,0.01,11.41,0.01,,,Grankin et al. 2008,HJD
2451461.2935,1999,10,9.793500000145286,15,12.447000000000001,0.01,13.863000000000001,0.01,11.124,0.01,,,Grankin et al. 2008,HJD
2451462.2804,1999,10,10.780400000046939,15,12.806,0.01,14.248,0.01,11.431999999999999,0.01,,,Grankin et al. 2008,HJD
2451463.278,1999,10,11.777999999932945,15,12.581,0.01,14.029,0.01,11.231,0.01,,,Grankin et al. 2008,HJD
2451488.3155,1999,11,5.815500000026077,15,12.499,0.01,13.832,0.01,11.146,0.01,,,Grankin et al. 2008,HJD
2451489.3181,1999,11,6.818099999800324,15,12.800999999999998,0.01,14.226999999999999,0.01,11.403999999999998,0.01,,,Grankin et al. 2008,HJD
2451498.3397,1999,11,15.839699999894947,15,12.463,0.01,13.888,0.01,11.126,0.01,,,Grankin et al. 2008,HJD
2451525.2217,1999,12,12.721700000111014,15,12.422,0.01,13.802,0.01,11.087,0.01,14.773,0.05,Grankin et al. 2008,HJD
2451526.3298,1999,12,13.829799999948591,15,12.793,0.01,14.213,0.01,11.395,0.01,15.745999999999999,0.05,Grankin et al. 2008,HJD
2451527.3032,1999,12,14.803199999965727,15,12.545,0.01,13.923,0.01,11.187,0.01,15.022,0.05,Grankin et al. 2008,HJD
2451529.2641,1999,12,16.7640999997966,15,12.630999999999998,0.01,14.050999999999998,0.01,11.258999999999999,0.01,14.367999999999999,0.05,Grankin et al. 2008,HJD
2451782.4068,2000,8,25.90679999999702,16,12.69,0.01,14.088,0.01,11.376999999999999,0.01,,,Grankin et al. 2008,HJD
2451785.4319,2000,8,28.931900000199676,16,12.585,0.01,13.966000000000001,0.01,11.24,0.01,,,Grankin et al. 2008,HJD
2451788.3958,2000,8,31.895800000056624,16,12.533,0.01,13.86,0.01,11.202,0.01,,,Grankin et al. 2008,HJD
2451789.3886,2000,9,1.888600000180304,16,12.827,0.01,14.161,0.01,11.447,0.01,,,Grankin et al. 2008,HJD
2451790.3902,2000,9,2.8901999997906387,16,12.65,0.01,14.045,0.01,11.256,0.01,,,Grankin et al. 2008,HJD
2451792.3949,2000,9,4.8949000001885,16,12.78,0.01,14.107,0.01,11.318,0.01,,,Grankin et al. 2008,HJD
2451795.397,2000,9,7.896999999880791,16,12.549000000000001,0.01,13.946000000000002,0.01,11.196000000000002,0.01,,,Grankin et al. 2008,HJD
2451796.3949,2000,9,8.8949000001885,16,12.862,0.01,14.276,0.01,11.469,0.01,,,Grankin et al. 2008,HJD
2451797.3975,2000,9,9.897499999962747,16,12.573,0.01,14.038,0.01,11.198,0.01,,,Grankin et al. 2008,HJD
2451810.3574,2000,9,22.857400000095367,16,12.782,0.01,14.164,0.01,11.395,0.01,,,Grankin et al. 2008,HJD
2451815.3317,2000,9,27.83169999998063,16,12.470999999999998,0.01,13.876999999999999,0.01,11.149999999999999,0.01,,,Grankin et al. 2008,HJD
2451816.3421,2000,9,28.84210000000894,16,12.82,0.01,14.171,0.01,11.433,0.01,,,Grankin et al. 2008,HJD
2451818.3383,2000,9,30.838299999944866,16,12.517000000000001,0.01,13.89,0.01,11.249,0.01,,,Grankin et al. 2008,HJD
2451824.3351,2000,10,6.835099999792874,16,12.552999999999999,0.01,13.953999999999999,0.01,11.19,0.01,,,Grankin et al. 2008,HJD
2451826.354,2000,10,8.85399999981746,16,12.716,0.01,14.132,0.01,11.389999999999999,0.01,,,Grankin et al. 2008,HJD
2451839.3338,2000,10,21.83380000013858,16,12.569,0.01,14.010000000000002,0.01,11.202000000000002,0.01,,,Grankin et al. 2008,HJD
2451841.3319,2000,10,23.831900000106543,16,12.544,0.01,13.955,0.01,11.155000000000001,0.01,,,Grankin et al. 2008,HJD
2452137.4392,2001,8,15.939199999906123,17,12.83,0.01,14.357,0.01,11.469,0.01,,,Grankin et al. 2008,HJD
2452138.4288,2001,8,16.92879999987781,17,12.569,0.01,14.057,0.01,11.183000000000002,0.01,,,Grankin et al. 2008,HJD
2452139.4173,2001,8,17.91729999985546,17,12.38,0.01,13.804,0.01,11.066,0.01,,,Grankin et al. 2008,HJD
2452140.4227,2001,8,18.92269999999553,17,12.919,0.01,14.362,0.01,,,,,Grankin et al. 2008,HJD
2452141.4184,2001,8,19.9183999998495,17,12.626,0.01,14.01,0.01,11.254999999999999,0.01,,,Grankin et al. 2008,HJD
2452143.3899,2001,8,21.889899999834597,17,12.677,0.01,14.094,0.01,11.317,0.01,,,Grankin et al. 2008,HJD
2452144.3815,2001,8,22.88150000013411,17,12.716,0.01,14.109,0.01,11.338,0.01,,,Grankin et al. 2008,HJD
2452145.4064,2001,8,23.90640000021085,17,12.495,0.01,13.927,0.01,11.152,0.01,,,Grankin et al. 2008,HJD
2452146.3931,2001,8,24.89309999998659,17,12.446,0.01,13.911999999999999,0.01,11.133,0.01,,,Grankin et al. 2008,HJD
2452152.4079,2001,8,30.90789999999106,17,12.41,0.01,13.832,0.01,11.086,0.01,,,Grankin et al. 2008,HJD
2452165.3728,2001,9,12.872800000011921,17,12.567,0.01,14.015,0.01,11.204,0.01,,,Grankin et al. 2008,HJD
2452166.3713,2001,9,13.871300000231713,17,12.388,0.01,13.803,0.01,11.063,0.01,,,Grankin et al. 2008,HJD
2452168.3613,2001,9,15.86129999998957,17,12.65,0.01,14.079,0.01,11.226,0.01,,,Grankin et al. 2008,HJD
2452175.3647,2001,9,22.864699999801815,17,12.599,0.01,14.038,0.01,11.255,0.01,,,Grankin et al. 2008,HJD
2452176.3256,2001,9,23.825600000098348,17,12.388,0.01,13.854,0.01,11.071,0.01,,,Grankin et al. 2008,HJD
2452556.3316,2002,10,8.831600000150502,18,12.811,0.01,14.228,0.01,11.358,0.01,,,Grankin et al. 2008,HJD
2452557.3045,2002,10,9.804500000085682,18,12.425999999999998,0.01,13.830999999999998,0.01,11.046999999999999,0.01,,,Grankin et al. 2008,HJD
2452559.3078,2002,10,11.8078000000678,18,12.985,0.01,14.421999999999999,0.01,11.484,0.01,,,Grankin et al. 2008,HJD
2452560.3208,2002,10,12.82079999987036,18,12.515999999999998,0.01,13.922999999999998,0.01,11.127999999999998,0.01,,,Grankin et al. 2008,HJD
2452562.3378,2002,10,14.83779999986291,18,12.957,0.01,14.411000000000001,0.01,11.502,0.01,,,Grankin et al. 2008,HJD
2452578.2695,2002,10,30.76949999993667,18,12.645999999999999,0.01,14.044999999999998,0.01,11.223999999999998,0.01,,,Grankin et al. 2008,HJD
2452579.2734,2002,10,31.773399999830872,18,12.959000000000001,0.01,14.415000000000001,0.01,11.477000000000002,0.01,,,Grankin et al. 2008,HJD
2452580.3378,2002,11,1.8377999998629093,18,12.619000000000002,0.01,14.006000000000002,0.01,11.196000000000002,0.01,,,Grankin et al. 2008,HJD
2452584.2705,2002,11,5.770500000100583,18,12.450999999999999,0.01,13.832999999999998,0.01,11.062999999999999,0.01,,,Grankin et al. 2008,HJD
2452585.2635,2002,11,6.763499999884516,18,12.752,0.01,14.153,0.01,11.297,0.01,,,Grankin et al. 2008,HJD
2452607.2434,2002,11,28.743400000035763,18,12.674000000000001,0.01,14.104000000000001,0.01,11.235000000000001,0.01,,,Grankin et al. 2008,HJD
2452609.1903,2002,11,30.690299999900162,18,12.877,0.01,14.337,0.01,11.446000000000002,0.01,,,Grankin et al. 2008,HJD
2452877.4796,2003,8,25.979600000195205,19,12.501,0.01,13.908999999999999,0.01,11.125,0.01,,,Grankin et al. 2008,HJD
2452878.4078,2003,8,26.907800000160933,19,12.532,0.01,13.943999999999999,0.01,11.167,0.01,,,Grankin et al. 2008,HJD
2452879.405,2003,8,27.90499999979511,19,13.085999999999999,0.01,14.495999999999999,0.01,11.578,0.01,,,Grankin et al. 2008,HJD
2452880.4072,2003,8,28.907199999783188,19,12.694,0.01,14.15,0.01,11.279,0.01,,,Grankin et al. 2008,HJD
2452882.4176,2003,8,30.9175999998115,19,12.927,0.01,14.314,0.01,11.472,0.01,,,Grankin et al. 2008,HJD
2452884.3966,2003,9,1.8966000000946224,19,12.450999999999999,0.01,13.873,0.01,11.102999999999998,0.01,,,Grankin et al. 2008,HJD
2452885.3998,2003,9,2.899799999780953,19,12.654000000000002,0.01,14.066000000000003,0.01,11.280000000000001,0.01,,,Grankin et al. 2008,HJD
2452932.3,2003,10,19.799999999813735,19,12.477,0.01,13.908000000000001,0.01,11.141,0.01,,,Grankin et al. 2008,HJD
2452936.2819,2003,10,23.781899999827147,19,12.847999999999999,0.01,14.274,0.01,11.399999999999999,0.01,,,Grankin et al. 2008,HJD
2452937.259,2003,10,24.75900000007823,19,12.984000000000002,0.01,14.411000000000001,0.01,11.514000000000001,0.01,,,Grankin et al. 2008,HJD
2453022.1389,2004,1,17.638900000136346,19,12.751,0.01,14.163,0.01,11.305,0.01,,,Grankin et al. 2008,HJD
2453028.1233,2004,1,23.623300000093877,19,13.123,0.01,14.549999999999999,0.01,11.612,0.01,,,Grankin et al. 2008,HJD
2453235.4523,2004,8,17.95230000000447,20,12.380999999999998,0.01,13.810999999999998,0.01,11.022999999999998,0.01,,,Grankin et al. 2008,HJD
2453240.4646,2004,8,22.96460000006482,20,13.187999999999999,0.01,14.607999999999999,0.01,11.671999999999999,0.01,,,Grankin et al. 2008,HJD
2453258.3866,2004,9,9.886599999852479,20,12.615,0.01,14.017,0.01,11.206,0.01,,,Grankin et al. 2008,HJD
2453259.3783,2004,9,10.878299999982119,20,12.422,0.01,13.882000000000001,0.01,11.072000000000001,0.01,,,Grankin et al. 2008,HJD
2453261.3805,2004,9,12.880499999970198,20,12.798,0.01,14.188,0.01,11.414,0.01,,,Grankin et al. 2008,HJD
2453262.3828,2004,9,13.882799999788404,20,12.401,0.01,13.806,0.01,11.024000000000001,0.01,,,Grankin et al. 2008,HJD
2453263.4088,2004,9,14.908799999859184,20,12.854000000000001,0.01,14.292000000000002,0.01,11.396,0.01,,,Grankin et al. 2008,HJD
2453264.3864,2004,9,15.886400000192225,20,13.038,0.01,14.454,0.01,11.555,0.01,,,Grankin et al. 2008,HJD
2453266.3998,2004,9,17.899799999780953,20,12.565,0.01,14.0,0.01,11.169,0.01,,,Grankin et al. 2008,HJD
2453267.385,2004,9,18.884999999776483,20,13.187000000000001,0.01,14.660000000000002,0.01,11.673000000000002,0.01,,,Grankin et al. 2008,HJD
2453289.3727,2004,10,10.872700000181794,20,12.417,0.01,13.805,0.01,11.018,0.01,,,Grankin et al. 2008,HJD
2456615.823775,2013,11,19.323774999938905,29,12.6015,0.014849242404918061,,,,,,,ASASSN,HJD
2456618.8146225,2013,11,22.314622499980032,29,12.67975,0.07799305524639115,,,,,,,ASASSN,HJD
2456621.8151475,2013,11,25.31514750001952,29,12.756250000000001,0.11023119643125782,,,,,,,ASASSN,HJD
2456629.8232500004,2013,12,3.3232500003650784,29,12.70675,0.03270448491160452,,,,,,,ASASSN,HJD
2456630.81157,2013,12,4.3115699999034405,29,12.962,0.11030865786510058,,,,,,,ASASSN,HJD
2456640.797745,2013,12,14.297745000105351,29,12.898499999999999,0.02333452377915507,,,,,,,ASASSN,HJD
2456642.884325,2013,12,16.384324999991804,29,12.7265,0.01,,,,,,,ASASSN,HJD
2456648.872425,2013,12,22.372425000183284,29,12.881499999999999,0.01,,,,,,,ASASSN,HJD
2456652.8568200003,2013,12,26.356820000335574,29,12.774999999999999,0.026870057685089616,,,,,,,ASASSN,HJD
2456656.857195,2013,12,30.35719500016421,29,12.651500000000002,0.01,,,,,,,ASASSN,HJD
2456674.8369,2014,1,17.336899999994785,29,13.001000000000001,0.01,,,,,,,ASASSN,HJD
2456675.88081,2014,1,18.380810000002384,29,12.837,0.01,,,,,,,ASASSN,HJD
2456676.83493,2014,1,19.334929999895394,29,12.6865,0.01,,,,,,,ASASSN,HJD
2456677.835,2014,1,20.334999999962747,29,12.789000000000001,0.01,,,,,,,ASASSN,HJD
2456700.7964149998,2014,2,12.296414999756962,29,12.6835,0.012020815280170927,,,,,,,ASASSN,HJD
2456740.7247200003,2014,3,24.22472000028938,29,12.758,0.01,,,,,,,ASASSN,HJD
2456852.119375,2014,7,13.619374999776483,30,12.783999999999999,0.026870057685087104,,,,,,,ASASSN,HJD
2456854.12232,2014,7,15.622320000082254,30,13.012,0.032526911934580745,,,,,,,ASASSN,HJD
2456855.118975,2014,7,16.618974999990314,30,12.843,0.01,,,,,,,ASASSN,HJD
2456883.0774,2014,8,13.577399999834597,30,12.719000000000001,0.01,,,,,,,ASASSN,HJD
2456884.066575,2014,8,14.566575000062585,30,12.9785,0.01,,,,,,,ASASSN,HJD
2456885.07952,2014,8,15.57952000014484,30,12.952000000000002,0.01,,,,,,,ASASSN,HJD
2456890.06731,2014,8,20.56730999983847,30,12.703,0.042426406871191945,,,,,,,ASASSN,HJD
2456892.06995,2014,8,22.5699499999173,30,12.9085,0.019091883092037507,,,,,,,ASASSN,HJD
2456893.067305,2014,8,23.56730500003323,30,12.723,0.01,,,,,,,ASASSN,HJD
2456895.062115,2014,8,25.56211500009522,30,12.983,0.011313708498985399,,,,,,,ASASSN,HJD
2456896.063965,2014,8,26.563965000212193,30,12.751000000000001,0.01,,,,,,,ASASSN,HJD
2456897.0631800005,2014,8,27.563180000521243,30,12.7705,0.01,,,,,,,ASASSN,HJD
2456898.0555499997,2014,8,28.555549999698997,30,13.003,0.01,,,,,,,ASASSN,HJD
2456900.05705,2014,8,30.557049999944866,30,12.689,0.011313708498986027,,,,,,,ASASSN,HJD
2456901.05592,2014,8,31.555920000188053,30,12.994,0.01,,,,,,,ASASSN,HJD
2456903.055295,2014,9,2.5552949998527765,30,12.679499999999999,0.012020815280170927,,,,,,,ASASSN,HJD
2456904.0536350003,2014,9,3.5536350002512336,30,12.8505,0.019091883092037507,,,,,,,ASASSN,HJD
2456908.039315,2014,9,7.53931500017643,30,13.032499999999999,0.01,,,,,,,ASASSN,HJD
2456909.0466099996,2014,9,8.546609999611974,30,12.809999999999999,0.028284271247461926,,,,,,,ASASSN,HJD
2456909.9992899997,2014,9,9.499289999715984,30,12.6765,0.023334523779156326,,,,,,,ASASSN,HJD
2456910.0335399997,2014,9,9.533539999742061,30,12.701999999999998,0.04808326112068433,,,,,,,ASASSN,HJD
2456911.06009,2014,9,10.560089999809861,30,12.955,0.01555634918610296,,,,,,,ASASSN,HJD
2456912.0386699997,2014,9,11.538669999688864,30,12.967500000000001,0.01,,,,,,,ASASSN,HJD
2456917.9964199997,2014,9,17.49641999974847,30,12.9945,0.01,,,,,,,ASASSN,HJD
2456920.136695,2014,9,19.636694999877363,30,12.7045,0.020506096654410447,,,,,,,ASASSN,HJD
2456921.02739,2014,9,20.527389999944717,30,12.876000000000001,0.01,,,,,,,ASASSN,HJD
2456924.02494,2014,9,23.52493999991566,30,12.753499999999999,0.02050609665440919,,,,,,,ASASSN,HJD
2456925.01918,2014,9,24.51917999982834,30,13.0455,0.03040559159102102,,,,,,,ASASSN,HJD
2456933.008005,2014,10,2.5080050001852214,30,12.771999999999998,0.01979898987322429,,,,,,,ASASSN,HJD
2456937.99842,2014,10,7.498420000076294,30,12.8905,0.01,,,,,,,ASASSN,HJD
2456939.9856350003,2014,10,9.485635000281036,30,12.7265,0.01,,,,,,,ASASSN,HJD
2456959.96648,2014,10,29.466479999944568,30,12.8155,0.012020815280171555,,,,,,,ASASSN,HJD
2456960.971665,2014,10,30.471665000077337,30,12.706,0.014142135623730649,,,,,,,ASASSN,HJD
2456971.8097,2014,11,10.309700000099838,30,12.9485,0.01484924240491869,,,,,,,ASASSN,HJD
2456974.0157850003,2014,11,12.515785000286996,30,12.724,0.01,,,,,,,ASASSN,HJD
2456978.9984600004,2014,11,17.498460000380874,30,13.050999999999998,0.014142135623731277,,,,,,,ASASSN,HJD
2456980.93393,2014,11,19.433929999824613,30,12.691,0.011313708498986027,,,,,,,ASASSN,HJD
2456982.9266799996,2014,11,21.42667999956757,30,12.9725,0.01,,,,,,,ASASSN,HJD
2456984.91555,2014,11,23.415550000034273,30,12.754,0.01,,,,,,,ASASSN,HJD
2456986.9367899997,2014,11,25.436789999715984,30,12.852,0.01,,,,,,,ASASSN,HJD
2456989.760385,2014,11,28.260385000146925,30,12.985999999999999,0.028284271247461298,,,,,,,ASASSN,HJD
2456990.774945,2014,11,29.274945000186563,30,12.7425,0.01,,,,,,,ASASSN,HJD
2456990.924825,2014,11,29.424825000111014,30,12.716,0.01,,,,,,,ASASSN,HJD
2456992.9098900002,2014,12,1.40989000024274,30,12.979000000000001,0.01,,,,,,,ASASSN,HJD
2456993.904665,2014,12,2.404664999805391,30,12.815999999999999,0.01272792206135771,,,,,,,ASASSN,HJD
2456999.98852,2014,12,8.488520000129938,30,12.9755,0.013435028842543864,,,,,,,ASASSN,HJD
2457002.0029100003,2014,12,10.502910000272095,30,12.857,0.01,,,,,,,ASASSN,HJD
2457002.99763,2014,12,11.497630000114441,30,13.0305,0.01,,,,,,,ASASSN,HJD
2457003.8910149997,2014,12,12.391014999710023,30,12.8515,0.01,,,,,,,ASASSN,HJD
2457004.9419,2014,12,13.441899999976158,30,12.6985,0.024748737341529263,,,,,,,ASASSN,HJD
2457005.89383,2014,12,14.393829999957234,30,13.043,0.015556349186104844,,,,,,,ASASSN,HJD
2457006.89305,2014,12,15.393050000071526,30,12.9515,0.01,,,,,,,ASASSN,HJD
2457008.893535,2014,12,17.393534999806434,30,12.913,0.01,,,,,,,ASASSN,HJD
2457012.8843549998,2014,12,21.384354999754578,30,13.0525,0.04313351365237936,,,,,,,ASASSN,HJD
2457018.72541,2014,12,27.225409999955446,30,12.782,0.01,,,,,,,ASASSN,HJD
2457020.744475,2014,12,29.24447500007227,30,12.861,0.02687005768508899,,,,,,,ASASSN,HJD
2457030.7638250003,2015,1,8.26382500026375,30,12.8945,0.014849242404917433,,,,,,,ASASSN,HJD
2457031.8376249997,2015,1,9.337624999694526,30,12.669,0.01,,,,,,,ASASSN,HJD
2457031.90285,2015,1,9.402850000187755,30,12.671,0.01,,,,,,,ASASSN,HJD
2457032.8773450004,2015,1,10.377345000393689,30,13.007000000000001,0.01,,,,,,,ASASSN,HJD
2457033.8464,2015,1,11.346400000154972,30,12.936,0.01,,,,,,,ASASSN,HJD
2457034.836085,2015,1,12.3360850000754,30,12.71,0.015556349186102332,,,,,,,ASASSN,HJD
2457035.833845,2015,1,13.333844999782741,30,12.8825,0.024748737341529263,,,,,,,ASASSN,HJD
2457037.813675,2015,1,15.313674999866635,30,12.813500000000001,0.01,,,,,,,ASASSN,HJD
2457039.822885,2015,1,17.322885000146925,30,13.033000000000001,0.01,,,,,,,ASASSN,HJD
2457042.80564,2015,1,20.30563999991864,30,12.9715,0.024748737341529263,,,,,,,ASASSN,HJD
2457045.807615,2015,1,23.307614999823272,30,12.8435,0.01,,,,,,,ASASSN,HJD
2457049.810035,2015,1,27.310035000089556,30,13.029,0.02687005768508899,,,,,,,ASASSN,HJD
2457053.78532,2015,1,31.28531999979168,30,12.984,0.016970562748475273,,,,,,,ASASSN,HJD
2457055.8019900005,2015,2,2.3019900005310774,30,12.759,0.016970562748477157,,,,,,,ASASSN,HJD
2457065.78881,2015,2,12.28880999982357,30,12.6795,0.01,,,,,,,ASASSN,HJD
2457069.78369,2015,2,16.283689999952912,30,12.9875,0.01,,,,,,,ASASSN,HJD
2457072.78573,2015,2,19.285730000119656,30,12.8145,0.01,,,,,,,ASASSN,HJD
2457091.72322,2015,3,10.223220000043511,30,12.857,0.010816653826391454,,,,,,,ASASSN,HJD
2457219.1220050002,2015,7,15.622005000244826,31,13.062000000000001,0.01,,,,,,,ASASSN,HJD
2457222.1185950004,2015,7,18.618595000356436,31,13.1705,0.010606601717797986,,,,,,,ASASSN,HJD
2457224.1271599997,2015,7,20.6271599996835,31,12.735999999999999,0.01,,,,,,,ASASSN,HJD
2457228.11565,2015,7,24.615650000050664,31,12.957,0.029698484809835494,,,,,,,ASASSN,HJD
2457229.1081066667,2015,7,25.608106666710228,31,13.091,0.01705872210923156,,,,,,,ASASSN,HJD
2457234.10165,2015,7,30.60165000008419,31,12.635,0.01979898987322492,,,,,,,ASASSN,HJD
2457238.1143,2015,8,3.614300000015646,31,12.870999999999999,0.01,,,,,,,ASASSN,HJD
2457256.044393333,2015,8,21.54439333314076,31,13.090333333333334,0.01,,,,,,,ASASSN,HJD
2457263.0251666666,2015,8,28.525166666600853,31,13.016333333333334,0.024006943440041378,,,,,,,ASASSN,HJD
2457265.05818,2015,8,30.55818000016734,31,12.803333333333333,0.029399546481761567,,,,,,,ASASSN,HJD
2457274.12869,2015,9,8.628690000157803,31,12.771,0.01,,,,,,,ASASSN,HJD
2457278.1070250003,2015,9,12.60702500026673,31,12.599,0.01,,,,,,,ASASSN,HJD
2457283.0662133335,2015,9,17.566213333513588,31,13.090333333333334,0.011930353445449276,,,,,,,ASASSN,HJD
2457288.9635799997,2015,9,23.463579999748617,31,13.015,0.01,,,,,,,ASASSN,HJD
2457290.952506667,2015,9,25.452506667003036,31,12.791333333333332,0.01,,,,,,,ASASSN,HJD
2457304.147096667,2015,10,8.647096666973084,31,12.933333333333332,0.03855299383100291,,,,,,,ASASSN,HJD
2457305.1000066665,2015,10,9.600006666500121,31,12.609333333333334,0.01,,,,,,,ASASSN,HJD
2457307.94318,2015,10,12.443179999943823,31,12.745333333333335,0.02193931022920556,,,,,,,ASASSN,HJD
2457313.8910866664,2015,10,18.391086666379124,31,13.002333333333334,0.01,,,,,,,ASASSN,HJD
2457314.9439066667,2015,10,19.443906666710973,31,12.653666666666666,0.01,,,,,,,ASASSN,HJD
2457316.8818900003,2015,10,21.381890000309795,31,13.082,0.04648655719667833,,,,,,,ASASSN,HJD
2457318.0033866665,2015,10,22.503386666532606,31,12.766333333333334,0.01,,,,,,,ASASSN,HJD
2457318.872536667,2015,10,23.372536667156965,31,12.704,0.022869193252058297,,,,,,,ASASSN,HJD
2457320.112236667,2015,10,24.61223666695878,31,13.159333333333334,0.015695009822657216,,,,,,,ASASSN,HJD
2457320.87626,2015,10,25.376259999815375,31,12.934333333333333,0.01,,,,,,,ASASSN,HJD
2457322.95928,2015,10,27.459280000068247,31,13.141000000000002,0.0820243866176399,,,,,,,ASASSN,HJD
2457328.010943333,2015,11,1.5109433331526816,31,12.821333333333333,0.01,,,,,,,ASASSN,HJD
2457328.8934966666,2015,11,2.3934966665692627,31,12.660333333333332,0.01,,,,,,,ASASSN,HJD
2457333.0097766668,2015,11,6.509776666760445,31,13.152333333333333,0.018339392937972127,,,,,,,ASASSN,HJD
2457341.84178,2015,11,15.34177999990061,31,12.664,0.01,,,,,,,ASASSN,HJD
2457344.8189466665,2015,11,18.31894666654989,31,12.798333333333334,0.05757024694521682,,,,,,,ASASSN,HJD
2457354.943593333,2015,11,28.44359333300963,31,12.820999999999998,0.046357307945997926,,,,,,,ASASSN,HJD
2457357.0041633337,2015,11,30.50416333368048,31,13.182000000000002,0.03204684071792459,,,,,,,ASASSN,HJD
2457357.898366667,2015,12,1.3983666668646038,31,12.944333333333333,0.015307950004273289,,,,,,,ASASSN,HJD
2457358.80475,2015,12,2.30475000012666,31,12.613,0.018384776310850094,,,,,,,ASASSN,HJD
2457360.8592933337,2015,12,4.359293333720416,31,13.015666666666666,0.026558112382722297,,,,,,,ASASSN,HJD
2457361.8948933333,2015,12,5.394893333315849,31,12.690333333333333,0.01,,,,,,,ASASSN,HJD
2457364.012646667,2015,12,7.512646667193621,31,13.097666666666667,0.016441816606850814,,,,,,,ASASSN,HJD
2457365.009,2015,12,8.509000000078231,31,12.832666666666666,0.0106926766215644,,,,,,,ASASSN,HJD
2457365.813936667,2015,12,9.313936667051166,31,12.569333333333333,0.01,,,,,,,ASASSN,HJD
2457366.8461066666,2015,12,10.34610666660592,31,13.167666666666667,0.013650396819629967,,,,,,,ASASSN,HJD
2457368.8810433336,2015,12,12.381043333560228,31,12.592999999999998,0.01,,,,,,,ASASSN,HJD
2457370.919323333,2015,12,14.419323333073407,31,12.602666666666666,0.021594752448993323,,,,,,,ASASSN,HJD
2457374.8009333336,2015,12,18.30093333357945,31,12.954666666666668,0.01665332799572897,,,,,,,ASASSN,HJD
2457382.8738466664,2015,12,26.37384666642174,31,12.622333333333335,0.011060440015358747,,,,,,,ASASSN,HJD
2457384.8459366667,2015,12,28.34593666670844,31,13.002,0.04014971979976958,,,,,,,ASASSN,HJD
2457386.84338,2015,12,30.343379999976605,31,13.009333333333332,0.011150485789118427,,,,,,,ASASSN,HJD
2457388.805646667,2016,1,1.30564666679129,31,12.801,0.011269427669585058,,,,,,,ASASSN,HJD
2457390.86299,2016,1,3.362989999819547,31,13.127666666666665,0.01,,,,,,,ASASSN,HJD
2457395.9231700003,2016,1,8.423170000314713,31,12.6135,0.014849242404918061,,,,,,,ASASSN,HJD
2457396.8278866666,2016,1,9.327886666636914,31,12.908666666666667,0.01,,,,,,,ASASSN,HJD
2457398.8013799996,2016,1,11.301379999611527,31,12.877,0.011532562594669199,,,,,,,ASASSN,HJD
2457401.7720366665,2016,1,14.272036666516215,31,13.009,0.01,,,,,,,ASASSN,HJD
2457403.8493166673,2016,1,16.349316667299718,31,13.071333333333333,0.01,,,,,,,ASASSN,HJD
2457409.771223333,2016,1,22.271223333198577,31,12.558,0.011135528725660732,,,,,,,ASASSN,HJD
2457411.8007066664,2016,1,24.300706666428596,31,13.006,0.03034798181098807,,,,,,,ASASSN,HJD
2457413.86001,2016,1,26.36000999994576,31,13.033000000000001,0.01,,,,,,,ASASSN,HJD
2457415.8644799995,2016,1,28.36447999952361,31,12.764000000000001,0.02165640782770854,,,,,,,ASASSN,HJD
2457416.8420066666,2016,1,29.342006666585803,31,12.759,0.02651414716712611,,,,,,,ASASSN,HJD
2457418.7814399996,2016,1,31.28143999958411,31,12.974666666666666,0.014047538337136492,,,,,,,ASASSN,HJD
2457420.8506233334,2016,2,2.350623333361,31,13.129333333333333,0.01,,,,,,,ASASSN,HJD
2457421.845033333,2016,2,3.345033333171159,31,13.036333333333333,0.01006644591369396,,,,,,,ASASSN,HJD
2457422.8430799996,2016,2,4.343079999554902,31,12.646666666666667,0.01,,,,,,,ASASSN,HJD
2457423.8354866668,2016,2,5.335486666765064,31,12.757,0.028930952282978487,,,,,,,ASASSN,HJD
2457424.82105,2016,2,6.321049999911338,31,13.036999999999999,0.01,,,,,,,ASASSN,HJD
2457427.825546667,2016,2,9.32554666697979,31,13.131666666666666,0.01,,,,,,,ASASSN,HJD
2457428.8180933334,2016,2,10.318093333393335,31,12.988666666666665,0.017214335111566673,,,,,,,ASASSN,HJD
2457436.797156667,2016,2,18.29715666687116,31,12.625333333333336,0.02098412098071615,,,,,,,ASASSN,HJD
2457438.782106667,2016,2,20.28210666682571,31,12.988666666666667,0.03189566323708238,,,,,,,ASASSN,HJD
2457440.7864599996,2016,2,22.28645999962464,31,13.013,0.030610455730027155,,,,,,,ASASSN,HJD
2457441.75628,2016,2,23.256279999855906,31,13.014000000000001,0.03815756805667802,,,,,,,ASASSN,HJD
2457444.7756333333,2016,2,26.27563333325088,31,13.108333333333334,0.01665332799572897,,,,,,,ASASSN,HJD
2457447.764683333,2016,2,29.26468333322555,31,13.119666666666665,0.01,,,,,,,ASASSN,HJD
2457448.7610199996,2016,3,1.261019999627024,31,13.007666666666665,0.020428737928058247,,,,,,,ASASSN,HJD
2457449.759363333,2016,3,2.2593633332289755,31,12.707999999999998,0.01,,,,,,,ASASSN,HJD
2457450.755903333,2016,3,3.2559033329598606,31,12.902333333333333,0.015011106998930155,,,,,,,ASASSN,HJD
2457451.75025,2016,3,4.250250000040978,31,13.068333333333333,0.010263202878893504,,,,,,,ASASSN,HJD
2457452.7462866674,2016,3,5.246286667417735,31,12.902666666666667,0.022898325994126358,,,,,,,ASASSN,HJD
2457453.7464,2016,3,6.24640000006184,31,12.672666666666666,0.012897028081435032,,,,,,,ASASSN,HJD
2457458.7307700003,2016,3,11.230770000256598,31,13.017000000000001,0.01,,,,,,,ASASSN,HJD
2457459.7282766667,2016,3,12.228276666719466,31,12.772333333333334,0.013576941236277184,,,,,,,ASASSN,HJD
2457584.120715,2016,7,14.620715000201017,32,12.936,0.08343860018001158,,,,,,,ASASSN,HJD
2457592.12698,2016,7,22.626980000175536,32,12.631499999999999,0.03323401871576816,,,,,,,ASASSN,HJD
2457596.1106766667,2016,7,26.6106766667217,32,13.118333333333334,0.012897028081435395,,,,,,,ASASSN,HJD
2457602.0934933336,2016,8,1.5934933335520327,32,12.593000000000002,0.014177446878758597,,,,,,,ASASSN,HJD
2457606.081736667,2016,8,5.581736667081714,32,12.989666666666666,0.01,,,,,,,ASASSN,HJD
2457611.06775,2016,8,10.56774999992922,32,13.014666666666665,0.01,,,,,,,ASASSN,HJD
2457612.0897333333,2016,8,11.589733333326876,32,12.554,0.017521415467935113,,,,,,,ASASSN,HJD
2457618.045313333,2016,8,17.545313333161175,32,12.843333333333334,0.010214368964030366,,,,,,,ASASSN,HJD
2457620.0673566666,2016,8,19.56735666655004,32,13.143333333333333,0.026839026311201556,,,,,,,ASASSN,HJD
2457628.048003333,2016,8,27.548003333155066,32,12.927,0.01,,,,,,,ASASSN,HJD
2457637.0921466667,2016,9,5.5921466667205095,32,13.092666666666666,0.01,,,,,,,ASASSN,HJD
2457640.0254066666,2016,9,8.525406666565686,32,13.106,0.03269556544854248,,,,,,,ASASSN,HJD
2457642.8767325,2016,9,11.376732499804348,32,12.692749999999998,0.04827266307134889,,,,,,,ASASSN,HJD
2457643.885023333,2016,9,12.385023333132267,32,13.068333333333333,0.02746512940681915,,,,,,,ASASSN,HJD
2457644.8595766667,2016,9,13.359576666727662,32,12.940333333333333,0.0165630109984058,,,,,,,ASASSN,HJD
2457646.079423333,2016,9,14.579423333052546,32,12.589,0.014798648586948328,,,,,,,ASASSN,HJD
2457648.8532999996,2016,9,17.35329999960959,32,12.651333333333334,0.024378952670968474,,,,,,,ASASSN,HJD
2457649.8421466667,2016,9,18.34214666672051,32,12.889666666666665,0.01,,,,,,,ASASSN,HJD
2457650.842736667,2016,9,19.34273666702211,32,13.061,0.015874507866386885,,,,,,,ASASSN,HJD
2457657.0428199996,2016,9,25.542819999624044,32,13.154333333333334,0.013576941236277363,,,,,,,ASASSN,HJD
2457661.0444333334,2016,9,29.54443333344534,32,13.035666666666666,0.012897028081435342,,,,,,,ASASSN,HJD
2457663.8451633337,2016,10,2.345163333695382,32,13.123,0.026000000000000245,,,,,,,ASASSN,HJD
2457664.84183,2016,10,3.3418299998156726,32,13.003666666666668,0.01006644591369396,,,,,,,ASASSN,HJD
2457666.80522,2016,10,5.3052199999801815,32,12.967999999999998,0.03534119409414455,,,,,,,ASASSN,HJD
2457668.851886667,2016,10,7.35188666684553,32,12.752666666666668,0.01,,,,,,,ASASSN,HJD
2457671.9098766665,2016,10,10.40987666649744,32,12.955333333333334,0.015502687938976942,,,,,,,ASASSN,HJD
2457674.0942966663,2016,10,12.594296666327864,32,13.132666666666667,0.015044378795194886,,,,,,,ASASSN,HJD
2457674.8969633332,2016,10,13.396963333245367,32,13.045,0.026907248094147032,,,,,,,ASASSN,HJD
2457685.0669833333,2016,10,23.56698333332315,32,13.026333333333334,0.01858314648635517,,,,,,,ASASSN,HJD
2457686.0058433334,2016,10,24.505843333434314,32,12.621,0.033955853692699364,,,,,,,ASASSN,HJD
2457688.0467966665,2016,10,26.54679666645825,32,13.011333333333333,0.023288051299612478,,,,,,,ASASSN,HJD
2457691.0117033334,2016,10,29.51170333335176,32,13.08933333333333,0.01,,,,,,,ASASSN,HJD
2457696.0558066666,2016,11,3.555806666612625,32,12.644999999999998,0.016522711641858638,,,,,,,ASASSN,HJD
2457698.8575266665,2016,11,6.357526666484773,32,12.944666666666665,0.01258305739211853,,,,,,,ASASSN,HJD
2457699.9375766665,2016,11,7.437576666474342,32,12.577,0.010440306508912207,,,,,,,ASASSN,HJD
2457700.9598800004,2016,11,8.459880000445992,32,13.132,0.038935844667864164,,,,,,,ASASSN,HJD
2457703.81849,2016,11,11.31848999997601,32,12.909333333333334,0.023028967265887944,,,,,,,ASASSN,HJD
2457706.0007566665,2016,11,13.500756666529924,32,12.735999999999999,0.022538855339169408,,,,,,,ASASSN,HJD
2457709.99668,2016,11,17.49667999986559,32,12.572,0.01,,,,,,,ASASSN,HJD
2457710.9245900004,2016,11,18.424590000417084,32,13.100000000000001,0.013076696830622007,,,,,,,ASASSN,HJD
2457715.9436500003,2016,11,23.443650000263005,32,12.823,0.033867388443752706,,,,,,,ASASSN,HJD
2457718.6917233337,2016,11,26.19172333367169,32,12.963333333333333,0.01,,,,,,,ASASSN,HJD
2457722.0311133335,2016,11,29.53111333353445,32,12.972999999999999,0.021656407827707124,,,,,,,ASASSN,HJD
2457727.69406,2016,12,5.194060000125319,32,13.086999999999998,0.04728636167014699,,,,,,,ASASSN,HJD
2457730.68397,2016,12,8.183970000129193,32,12.806333333333335,0.017156145643277203,,,,,,,ASASSN,HJD
2457737.9542900003,2016,12,15.454290000256151,32,13.133666666666668,0.023629078131263637,,,,,,,ASASSN,HJD
2457739.8299166667,2016,12,17.329916666727513,32,12.697666666666665,0.01,,,,,,,ASASSN,HJD
2457742.6633533332,2016,12,20.163353333249688,32,12.925333333333333,0.02369247419188835,,,,,,,ASASSN,HJD
2457745.876265,2016,12,23.376265000086278,32,12.9535,0.03464823227814047,,,,,,,ASASSN,HJD
2457747.96155,2016,12,25.46155000012368,32,13.097000000000001,0.01,,,,,,,ASASSN,HJD
2457749.9553133333,2016,12,27.455313333310187,32,12.681333333333333,0.013868429375143829,,,,,,,ASASSN,HJD
2457753.5726133334,2016,12,31.07261333335191,32,12.586666666666666,0.01401189970465543,,,,,,,ASASSN,HJD
2457756.9334833333,2017,1,3.433483333326876,32,12.574,0.01345362404707345,,,,,,,ASASSN,HJD
2457759.846972,2017,1,6.346971999853849,32,12.790799999999999,0.029252350332921645,,,,,,,ASASSN,HJD
2457765.9104933334,2017,1,12.410493333358318,32,12.952666666666667,0.019087517736294628,,,,,,,ASASSN,HJD
2457766.860096667,2017,1,13.360096666961908,32,12.651666666666666,0.017156145643277033,,,,,,,ASASSN,HJD
2457769.8810633332,2017,1,16.381063333246857,32,12.84366666666667,0.012013880860625891,,,,,,,ASASSN,HJD
2457772.889903333,2017,1,19.38990333303809,32,12.922666666666666,0.013576941236276912,,,,,,,ASASSN,HJD
2457774.8821199997,2017,1,21.382119999732822,32,13.081666666666669,0.01789785834487814,,,,,,,ASASSN,HJD
2457778.8693600004,2017,1,25.369360000360757,32,13.053333333333333,0.021007935008786182,,,,,,,ASASSN,HJD
2457780.847315,2017,1,27.347314999904484,32,12.584,0.01,,,,,,,ASASSN,HJD
2457781.851113334,2017,1,28.351113333832473,32,13.122,0.014106735979665275,,,,,,,ASASSN,HJD
2457785.8488600003,2017,2,1.3488600002601743,32,12.971,0.08343860018001158,,,,,,,ASASSN,HJD
2457786.729243334,2017,2,2.229243333917111,32,12.826666666666668,0.011239810200058882,,,,,,,ASASSN,HJD
2457793.7386566666,2017,2,9.238656666595489,32,12.695333333333332,0.017616280348964425,,,,,,,ASASSN,HJD
2457798.81141,2017,2,14.311410000082105,32,13.089666666666666,0.057291651515149346,,,,,,,ASASSN,HJD
2457801.798846667,2017,2,17.2988466671668,32,13.032333333333334,0.014189197769194969,,,,,,,ASASSN,HJD
2457805.7867750004,2017,2,21.28677500039339,32,13.053833333333335,0.055003333232329074,,,,,,,ASASSN,HJD
2457807.782466667,2017,2,23.28246666677296,32,12.564,0.01,,,,,,,ASASSN,HJD
2457823.7321099997,2017,3,11.23210999974981,32,12.616333333333335,0.014977761292439374,,,,,,,ASASSN,HJD
2457960.1075666663,2017,7,25.60756666632369,33,12.850333333333333,0.01,,,,,,,ASASSN,HJD
2457965.10197,2017,7,30.601970000192523,33,13.045333333333334,0.01078579312490952,,,,,,,ASASSN,HJD
